City_ID,City,Lat,Lng,Max Temp,Humidity,Cloudiness,Wind Speed,Country,Date
0,Tasiilaq,65.6145,-37.6368,15.96,86,60,3.94,GL,2022-04-10 23:14:16
1,Leningradskiy,69.3833,178.4167,0.28,89,70,4.97,RU,2022-04-10 23:14:17
2,Provideniya,64.3833,-173.3,26.71,80,100,8.99,RU,2022-04-10 23:14:03
3,Barrow,71.2906,-156.7887,1.42,71,100,18.41,US,2022-04-10 23:14:17
4,Arraial Do Cabo,-22.9661,-42.0278,75.88,81,51,6.96,BR,2022-04-10 23:14:17
5,Volkhov,59.9258,32.3382,33.85,89,8,8.34,RU,2022-04-10 23:14:18
6,Alto Araguaia,-17.3147,-53.2153,76.01,73,66,2.57,BR,2022-04-10 23:14:18
7,Vaini,-21.2,-175.2,78.96,89,75,6.91,TO,2022-04-10 23:14:19
8,Mar Del Plata,-38.0023,-57.5575,70.09,97,100,20.0,AR,2022-04-10 23:11:36
9,Thompson,55.7435,-97.8558,35.76,75,75,10.36,CA,2022-04-10 23:14:19
10,Khatanga,71.9667,102.5,1.81,97,97,1.3,RU,2022-04-10 23:14:19
11,Punta Arenas,-53.15,-70.9167,46.51,66,0,5.75,CL,2022-04-10 23:14:20
12,Port Elizabeth,-33.918,25.5701,67.1,97,100,5.99,ZA,2022-04-10 23:14:20
13,Praia,14.9215,-23.5087,70.34,78,40,18.41,CV,2022-04-10 23:14:21
14,Mataura,-46.1927,168.8643,60.44,52,2,8.72,NZ,2022-04-10 23:14:21
15,Te Anau,-45.4167,167.7167,53.53,76,55,9.31,NZ,2022-04-10 23:14:22
16,Namibe,-15.1961,12.1522,71.73,79,34,3.62,AO,2022-04-10 23:14:22
17,Cape Town,-33.9258,18.4232,69.91,67,1,8.99,ZA,2022-04-10 23:11:13
18,Cuiluan,47.72,128.648,41.04,62,100,7.81,CN,2022-04-10 23:14:23
19,Iquique,-20.2208,-70.1431,64.44,79,8,7.63,CL,2022-04-10 23:14:23
20,Beringovskiy,63.05,179.3167,30.31,88,100,11.56,RU,2022-04-10 23:14:23
21,Rikitea,-23.1203,-134.9692,79.54,72,3,17.76,PF,2022-04-10 23:14:24
22,Tuktoyaktuk,69.4541,-133.0374,2.43,83,87,11.52,CA,2022-04-10 23:14:24
23,Jamestown,42.097,-79.2353,40.05,50,75,9.22,US,2022-04-10 23:10:38
24,Maldonado,-34.6667,-54.9167,69.22,86,5,13.47,UY,2022-04-10 23:14:25
25,Abu Samrah,35.3029,37.1841,60.37,59,47,2.08,SY,2022-04-10 23:14:25
26,Hualmay,-11.0964,-77.6139,69.57,83,25,8.72,PE,2022-04-10 23:10:11
27,Kirakira,-10.4544,161.9205,82.54,78,81,3.94,SB,2022-04-10 23:14:26
28,Port Macquarie,-31.4333,152.9167,73.89,75,8,3.74,AU,2022-04-10 23:09:32
29,Jalu,29.0331,21.5482,70.12,19,0,18.19,LY,2022-04-10 23:14:26
30,Kralendijk,12.15,-68.2667,78.46,87,94,20.4,BQ,2022-04-10 23:14:26
31,Dikson,73.5069,80.5464,-8.36,100,100,4.85,RU,2022-04-10 23:14:27
32,Saint-Pierre,-21.3393,55.4781,76.68,81,75,12.66,RE,2022-04-10 23:14:27
33,San Cristobal,7.7669,-72.225,75.38,61,96,1.34,VE,2022-04-10 23:14:27
34,Busselton,-33.65,115.3333,52.05,86,76,8.52,AU,2022-04-10 23:14:28
35,Kapaa,22.0752,-159.319,80.58,82,100,12.66,US,2022-04-10 23:14:28
36,Avera,33.194,-82.5271,71.65,52,0,4.43,US,2022-04-10 23:14:28
37,Nikolskoye,59.7035,30.7861,37.29,91,8,8.3,RU,2022-04-10 23:14:29
38,Ushuaia,-54.8,-68.3,42.46,65,75,3.44,AR,2022-04-10 23:14:29
39,Alexandria,31.2156,29.9553,62.06,78,0,5.37,EG,2022-04-10 23:14:29
40,Lompoc,34.6391,-120.4579,76.12,59,0,28.01,US,2022-04-10 23:14:30
41,Laguna,38.421,-121.4238,76.14,20,0,14.97,US,2022-04-10 23:14:30
42,Teluk Nibung,3.001,99.8164,74.14,96,93,6.93,ID,2022-04-10 23:14:30
43,Srednekolymsk,67.45,153.6833,3.2,87,100,10.6,RU,2022-04-10 23:14:31
44,West Fargo,46.875,-96.9004,40.01,89,100,16.11,US,2022-04-10 23:14:31
45,Krasnokamensk,50.0979,118.0369,29.07,66,98,3.71,RU,2022-04-10 23:14:31
46,Bredasdorp,-34.5322,20.0403,63.05,93,5,8.19,ZA,2022-04-10 23:14:32
47,Garowe,8.4054,48.4845,73.06,88,5,6.58,SO,2022-04-10 23:14:32
48,Hilo,19.7297,-155.09,78.24,86,100,8.05,US,2022-04-10 23:15:32
49,Hithadhoo,-0.6,73.0833,83.57,71,26,13.47,MV,2022-04-10 23:15:33
50,Destin,30.3935,-86.4958,71.6,52,0,11.5,US,2022-04-10 23:15:33
51,Yantal,56.8471,105.2542,24.89,96,100,3.24,RU,2022-04-10 23:15:33
52,Vila Franca Do Campo,37.7167,-25.4333,57.61,70,83,21.3,PT,2022-04-10 23:15:34
53,Cartagena,10.3997,-75.5144,82.02,78,75,11.5,CO,2022-04-10 23:12:27
54,Haifa,32.8156,34.9892,62.17,91,21,5.57,IL,2022-04-10 23:15:34
55,Berlevag,70.8578,29.0864,33.6,98,100,29.93,NO,2022-04-10 23:15:35
56,Marsh Harbour,26.5412,-77.0636,69.44,55,4,13.29,BS,2022-04-10 23:15:35
57,Half Moon Bay,37.4636,-122.4286,72.54,54,0,36.82,US,2022-04-10 23:15:35
58,Victoria,22.2855,114.1577,74.32,86,7,1.99,HK,2022-04-10 23:14:42
59,Saldanha,-33.0117,17.9442,66.6,54,1,7.56,ZA,2022-04-10 23:15:36
60,Lagoa,39.05,-27.9833,56.16,66,90,31.81,PT,2022-04-10 23:15:36
61,Bethel,41.3712,-73.414,47.01,61,100,12.66,US,2022-04-10 23:14:36
62,Saskylakh,71.9167,114.0833,-14.85,99,24,3.6,RU,2022-04-10 23:13:24
63,Kaeo,-35.1,173.7833,70.32,70,100,10.33,NZ,2022-04-10 23:15:17
64,Palana,59.1167,159.9667,18.28,93,100,12.57,RU,2022-04-10 23:15:37
65,Longyearbyen,78.2186,15.6401,10.24,52,0,16.11,SJ,2022-04-10 23:15:37
66,Talaya,61.3833,152.75,-9.53,96,100,3.02,RU,2022-04-10 23:15:37
67,Westport,41.1415,-73.3579,48.33,53,100,18.41,US,2022-04-10 23:12:23
68,Kedrovyy,56.1667,91.8167,21.87,97,96,4.99,RU,2022-04-10 23:15:38
69,Puerto Ayora,-0.7393,-90.3518,79.56,90,96,5.99,EC,2022-04-10 23:15:38
70,Verkhnevilyuysk,63.4453,120.3167,9.59,95,100,3.02,RU,2022-04-10 23:15:38
71,Clyde River,70.4692,-68.5914,-0.17,92,75,3.44,CA,2022-04-10 23:15:38
72,Kavieng,-2.5744,150.7967,83.52,74,99,10.38,PG,2022-04-10 23:15:39
73,Grand Gaube,-20.0064,57.6608,75.6,86,14,5.99,MU,2022-04-10 23:15:39
74,Havre-Saint-Pierre,50.2334,-63.5986,35.96,87,100,4.61,CA,2022-04-10 23:15:39
75,Hermanus,-34.4187,19.2345,63.81,88,4,10.98,ZA,2022-04-10 23:15:40
76,Ponta Do Sol,32.6667,-17.1,63.23,76,23,15.35,PT,2022-04-10 23:15:40
77,Upernavik,72.7868,-56.1549,4.44,85,100,7.05,GL,2022-04-10 23:15:40
78,Alekseyevsk,57.8406,108.3492,26.42,97,100,1.5,RU,2022-04-10 23:15:41
79,Strezhevoy,60.7333,77.5889,18.95,92,99,5.59,RU,2022-04-10 23:15:41
80,Teguldet,57.3064,88.1667,11.55,97,19,4.16,RU,2022-04-10 23:15:41
81,Amuntai,-2.4177,115.2494,72.97,99,93,1.34,ID,2022-04-10 23:15:42
82,Sibi,29.5448,67.8764,86.36,10,93,5.01,PK,2022-04-10 23:15:42
83,Arucas,28.1198,-15.5233,61.57,77,42,8.23,ES,2022-04-10 23:15:42
84,Atuona,-9.8,-139.0333,79.39,77,14,15.61,PF,2022-04-10 23:12:02
85,Coihaique,-45.5752,-72.0662,51.75,76,75,2.3,CL,2022-04-10 23:14:40
86,Dera Bugti,29.0307,69.151,82.99,15,100,2.98,PK,2022-04-10 23:15:43
87,Cascais,38.6979,-9.4215,61.95,74,83,15.99,PT,2022-04-10 23:15:43
88,Mahebourg,-20.4081,57.7,75.49,83,20,14.97,MU,2022-04-10 23:15:44
89,Saint-Philippe,-21.3585,55.7679,78.39,83,53,12.37,RE,2022-04-10 23:15:44
90,Mogadishu,2.0371,45.3438,80.89,78,16,11.07,SO,2022-04-10 23:15:44
91,Iqaluit,63.7506,-68.5145,26.33,79,100,2.3,CA,2022-04-10 23:15:45
92,Cazones,20.7167,-97.3167,87.6,54,0,9.22,MX,2022-04-10 23:15:45
93,Bobrovytsya,50.75,31.3833,36.27,97,100,12.44,UA,2022-04-10 23:15:45
94,Hirara,24.8,125.2833,75.06,94,75,12.66,JP,2022-04-10 23:15:51
95,Los Andes,-32.8337,-70.5983,59.02,60,6,4.79,CL,2022-04-10 23:16:46
96,Kez,57.8979,53.7152,36.57,99,100,3.65,RU,2022-04-10 23:16:46
97,Mount Gambier,-37.8333,140.7667,59.29,56,59,9.69,AU,2022-04-10 23:16:47
98,Torbay,47.6666,-52.7314,35.28,95,100,9.22,CA,2022-04-10 23:15:52
99,Jizan,17.3333,42.6667,81.54,55,0,5.39,SA,2022-04-10 23:16:47
100,Roald,62.5833,6.1333,40.75,81,100,13.8,NO,2022-04-10 23:16:48
101,Petropavlovsk-Kamchatskiy,53.0452,158.6483,34.39,44,75,17.9,RU,2022-04-10 23:16:48
102,Broome,42.2506,-75.833,39.7,68,100,10.36,US,2022-04-10 23:16:48
103,Lebu,-37.6167,-73.65,51.55,80,26,11.45,CL,2022-04-10 23:16:48
104,Pahrump,36.2083,-115.9839,74.25,8,24,5.99,US,2022-04-10 23:16:49
105,Port Alfred,-33.5906,26.891,65.17,91,100,3.0,ZA,2022-04-10 23:16:49
106,Hobart,-42.8794,147.3294,56.01,63,75,12.66,AU,2022-04-10 23:16:49
107,Katangli,51.7102,143.2326,27.79,88,100,20.47,RU,2022-04-10 23:16:50
108,Valkeala,60.9401,26.7979,36.0,80,75,11.5,FI,2022-04-10 23:16:50
109,Brooks,50.5834,-111.8851,40.98,20,100,19.57,CA,2022-04-10 23:16:50
110,Barcelos,41.5388,-8.6151,57.85,77,53,12.21,PT,2022-04-10 23:15:03
111,Nelson Bay,-32.7167,152.15,73.0,83,11,7.0,AU,2022-04-10 23:16:51
112,Khani,41.9563,42.9566,49.57,67,82,8.19,GE,2022-04-10 23:16:51
113,Kodiak,57.79,-152.4072,45.91,31,0,10.36,US,2022-04-10 23:16:51
114,Diego De Almagro,-26.3667,-70.05,63.03,38,0,4.76,CL,2022-04-10 23:16:21
115,Inyonga,-6.7167,32.0667,63.77,88,38,3.89,TZ,2022-04-10 23:16:52
116,Coquimbo,-29.9533,-71.3436,56.93,88,20,10.36,CL,2022-04-10 23:12:51
117,Georgetown,5.4112,100.3354,80.53,92,20,3.44,MY,2022-04-10 23:16:36
118,Tiznit,29.5833,-9.5,65.03,61,40,1.48,MA,2022-04-10 23:16:52
119,Biskamzha,53.4497,89.5272,24.55,96,100,2.51,RU,2022-04-10 23:16:53
120,Prince Rupert,54.3161,-130.3201,48.29,57,0,10.36,CA,2022-04-10 23:16:53
121,Marzuq,14.4,46.4667,69.24,33,0,5.39,YE,2022-04-10 23:16:53
122,Chuy,-33.6971,-53.4616,68.23,88,26,12.8,UY,2022-04-10 23:12:57
123,Qaanaaq,77.484,-69.3632,-5.84,75,23,6.44,GL,2022-04-10 23:16:54
124,Santa Maria,-29.6842,-53.8069,69.1,100,20,2.3,BR,2022-04-10 23:16:54
125,Butaritari,3.0707,172.7902,79.97,78,95,8.52,KI,2022-04-10 23:16:54
126,Nazare,-13.035,-39.0144,74.25,86,2,2.51,BR,2022-04-10 23:16:55
127,Ribas Do Rio Pardo,-20.4431,-53.7592,80.67,66,70,4.32,BR,2022-04-10 23:16:55
128,Ilulissat,69.2167,-51.1,17.62,73,20,2.3,GL,2022-04-10 23:16:56
129,Emerald,-23.5333,148.1667,78.35,66,0,7.54,AU,2022-04-10 23:15:18
130,Port-Gentil,-0.7193,8.7815,80.19,85,30,10.16,GA,2022-04-10 23:16:56
131,La Palma,33.8464,-118.0467,76.91,61,20,11.5,US,2022-04-10 23:16:56
132,Puerto Colombia,10.9878,-74.9547,80.69,84,99,23.15,CO,2022-04-10 23:16:57
133,Cooma,-36.2333,149.1333,58.77,94,100,5.75,AU,2022-04-10 23:16:57
134,Albany,42.6001,-73.9662,43.36,63,86,14.25,US,2022-04-10 23:15:26
135,Xining,36.6167,101.7667,48.33,26,100,5.95,CN,2022-04-10 23:16:57
136,Ribeira Grande,38.5167,-28.7,57.6,67,75,24.16,PT,2022-04-10 23:17:58
137,Biak,-0.9131,122.8766,78.15,77,97,5.77,ID,2022-04-10 23:17:58
138,Ancud,-41.8697,-73.8203,49.23,80,46,4.63,CL,2022-04-10 23:14:08
139,Komsomolskiy,40.4272,71.7189,66.9,47,48,4.12,UZ,2022-04-10 23:17:59
140,Gladstone,-23.85,151.25,78.78,61,1,12.66,AU,2022-04-10 23:17:59
141,Vardo,70.3705,31.1107,34.45,100,100,26.75,NO,2022-04-10 23:17:59
142,Les Cayes,18.2,-73.75,78.39,76,66,3.42,HT,2022-04-10 23:17:59
143,Kharan,28.5833,65.4167,78.21,10,100,2.57,PK,2022-04-10 23:18:00
144,Genhe,50.7833,121.5167,26.1,77,26,5.88,CN,2022-04-10 23:18:00
145,Rorvik,64.8621,11.2373,38.8,97,100,35.99,NO,2022-04-10 23:18:01
146,Kilindoni,-7.9139,39.6668,82.78,75,15,16.49,TZ,2022-04-10 23:18:01
147,San Carlos De Bariloche,-41.1456,-71.3082,47.95,57,75,12.66,AR,2022-04-10 23:18:01
148,Boa Vista,2.8197,-60.6733,82.38,65,75,11.5,BR,2022-04-10 23:18:02
149,Mlonggo,-6.5333,110.7,77.56,84,100,3.98,ID,2022-04-10 23:18:02
150,Airai,-8.9266,125.4092,62.69,68,62,2.35,TL,2022-04-10 23:18:02
151,Mbini,1.574,9.6134,78.94,80,29,5.37,GQ,2022-04-10 23:18:03
152,Ust-Ordynskiy,52.805,104.7508,29.52,79,95,4.09,RU,2022-04-10 23:18:03
153,Narsaq,60.9167,-46.05,32.22,57,100,2.57,GL,2022-04-10 23:18:03
154,Luderitz,-26.6481,15.1594,70.25,51,1,5.06,NA,2022-04-10 23:18:04
155,Moerai,-22.4333,-151.3333,81.0,78,44,17.0,PF,2022-04-10 23:18:04
156,Avarua,-21.2078,-159.775,82.45,78,20,10.36,CK,2022-04-10 23:18:05
157,Sambava,-14.2667,50.1667,74.62,90,72,9.13,MG,2022-04-10 23:18:05
158,Verkhoyansk,67.5447,133.385,0.61,96,92,3.09,RU,2022-04-10 23:18:06
159,Kaiyuan,23.6977,103.3037,59.86,83,0,4.43,CN,2022-04-10 23:18:06
160,Bluff,-46.6,168.3333,56.52,67,2,18.19,NZ,2022-04-10 23:18:06
161,Port Blair,11.6667,92.75,77.04,94,20,2.3,IN,2022-04-10 23:18:07
162,Kieta,-6.2167,155.6333,84.13,68,95,2.51,PG,2022-04-10 23:18:07
163,Belmonte,-15.8631,-38.8828,77.88,79,9,8.19,BR,2022-04-10 23:18:07
164,Nanortalik,60.1432,-45.2371,30.78,80,100,3.56,GL,2022-04-10 23:18:08
165,Bairiki,1.3292,172.9752,86.0,74,20,5.75,KI,2022-04-10 23:18:08
166,Vestmannaeyjar,63.4427,-20.2734,39.54,72,100,23.94,IS,2022-04-10 23:18:08
167,Plouzane,48.3833,-4.6167,53.65,58,0,20.71,FR,2022-04-10 23:18:07
168,Cherskiy,68.75,161.3,-8.37,91,100,6.06,RU,2022-04-10 23:18:09
169,Virginia Beach,36.8529,-75.978,60.03,38,60,1.99,US,2022-04-10 23:18:09
170,Lata,40.1629,-8.3327,50.31,80,43,5.77,PT,2022-04-10 23:18:10
171,Lamu,-2.2717,40.902,82.62,74,11,13.8,KE,2022-04-10 23:18:10
172,San Patricio,28.017,-97.5169,82.49,64,86,26.75,US,2022-04-10 23:13:32
173,Baraki Barak,33.9675,68.9486,62.33,25,60,1.79,AF,2022-04-10 23:18:11
174,Ca Mau,9.1769,105.15,76.05,90,84,4.12,VN,2022-04-10 23:18:11
175,Hasaki,35.7333,140.8333,66.6,82,88,14.16,JP,2022-04-10 23:18:11
176,Asau,46.4333,26.4,40.28,93,100,5.68,RO,2022-04-10 23:18:12
177,Ajtos,42.7,27.25,40.42,93,100,17.07,BG,2022-04-10 23:18:12
178,Dargaville,-35.9333,173.8833,69.64,52,64,7.38,NZ,2022-04-10 23:18:13
179,Karratha,-20.7377,116.8463,78.51,40,0,9.28,AU,2022-04-10 23:14:44
180,Moron,-34.6534,-58.6198,73.29,81,37,7.99,AR,2022-04-10 23:18:13
181,Vester Hassing,57.0677,10.1256,37.87,84,7,10.36,DK,2022-04-10 23:18:13
182,Dire Dawa,9.5931,41.8661,71.67,61,16,7.61,ET,2022-04-10 23:18:14
183,Susuman,62.7833,148.1667,-6.81,90,95,1.79,RU,2022-04-10 23:18:14
184,Taga,46.95,24.05,36.32,85,99,3.31,RO,2022-04-10 23:18:15
185,New Norfolk,-42.7826,147.0587,55.65,54,98,3.0,AU,2022-04-10 23:19:15
186,Pathein,16.7833,94.7333,77.43,82,42,5.97,MM,2022-04-10 23:19:15
187,Pevek,69.7008,170.3133,-11.4,92,32,7.38,RU,2022-04-10 23:19:16
188,Nome,64.5011,-165.4064,33.12,86,100,0.0,US,2022-04-10 23:18:36
189,Nara,34.6851,135.8049,65.52,52,100,1.21,JP,2022-04-10 23:19:16
190,Kaseda,31.4167,130.3167,65.46,87,100,11.81,JP,2022-04-10 23:19:17
191,Vanimo,-2.6741,141.3028,81.09,75,59,7.67,PG,2022-04-10 23:19:17
192,Makakilo City,21.3469,-158.0858,82.72,56,0,18.41,US,2022-04-10 23:18:48
193,Sri Aman,1.2376,111.4621,75.25,100,98,0.0,MY,2022-04-10 23:19:17
194,Kruisfontein,-34.0033,24.7314,64.89,92,82,4.25,ZA,2022-04-10 23:15:22
195,Enshi,30.3,109.4833,64.22,81,0,1.3,CN,2022-04-10 23:19:18
196,Oksfjord,70.2396,22.3479,35.67,92,100,0.63,NO,2022-04-10 23:19:18
197,Grajau,-5.8194,-46.1386,74.59,95,95,1.99,BR,2022-04-10 23:19:19
198,Nueva Imperial,-38.7333,-72.95,52.45,94,60,4.14,CL,2022-04-10 23:19:19
199,Puerto Madryn,-42.7692,-65.0385,58.62,53,14,10.85,AR,2022-04-10 23:19:19
200,Plettenberg Bay,-34.0527,23.3716,64.76,78,4,5.35,ZA,2022-04-10 23:19:20
201,Meadow Lake,34.8014,-106.5436,74.28,11,93,24.23,US,2022-04-10 23:19:20
202,Yellowknife,62.456,-114.3525,19.42,79,54,16.33,CA,2022-04-10 23:14:58
203,Kununurra,-15.7667,128.7333,75.18,60,10,1.14,AU,2022-04-10 23:19:21
204,Kahului,20.8947,-156.47,86.02,62,40,23.02,US,2022-04-10 23:19:21
205,Zhanaozen,43.3,52.8,57.88,46,0,9.55,KZ,2022-04-10 23:19:21
206,Urumqi,43.801,87.6005,50.95,24,0,4.47,CN,2022-04-10 23:19:22
207,Alice Springs,-23.7,133.8833,69.35,37,51,0.0,AU,2022-04-10 23:18:46
208,Hede,33.7681,120.2517,63.88,76,0,6.29,CN,2022-04-10 23:19:22
209,Anchorage,61.2181,-149.9003,39.65,37,0,6.91,US,2022-04-10 23:19:07
210,Constitucion,-35.3333,-72.4167,51.39,79,14,9.82,CL,2022-04-10 23:15:56
211,Bengkulu,-3.8004,102.2655,74.62,91,84,3.38,ID,2022-04-10 23:17:28
212,Atar,20.5169,-13.0499,79.11,7,10,2.04,MR,2022-04-10 23:19:23
213,Castro,-24.7911,-50.0119,62.78,73,44,3.96,BR,2022-04-10 23:19:23
214,Asahikawa,43.7678,142.3703,47.41,76,75,5.75,JP,2022-04-10 23:17:09
215,Vestmanna,62.1564,-7.1664,25.72,80,20,0.0,FO,2022-04-10 23:19:24
216,Hasanabad,36.5465,61.0543,62.82,63,44,9.22,IR,2022-04-10 23:19:24
217,Mingaora,34.7758,72.3625,68.34,28,39,8.37,PK,2022-04-10 23:19:24
218,Codrington,-38.2667,141.9667,59.77,52,98,10.02,AU,2022-04-10 23:19:25
219,Fairbanks,64.8378,-147.7164,25.09,66,100,3.44,US,2022-04-10 23:15:23
220,Kuliyapitiya,7.4688,80.0401,73.62,94,98,2.53,LK,2022-04-10 23:19:25
221,Bemidji,47.4736,-94.8803,39.06,89,0,9.22,US,2022-04-10 23:19:25
222,Mayumba,-3.432,10.6554,77.25,93,78,4.38,GA,2022-04-10 23:19:26
223,Padang,-0.9492,100.3543,73.45,88,81,3.24,ID,2022-04-10 23:19:26
224,Kourou,5.1552,-52.6478,79.11,87,68,10.07,GF,2022-04-10 23:19:27
225,San Jose,37.3394,-121.895,73.9,32,75,18.41,US,2022-04-10 23:18:09
226,Miltenberg,49.7039,9.2644,40.05,84,64,1.01,DE,2022-04-10 23:19:27
227,Shirokiy,49.758,129.523,33.08,96,82,10.83,RU,2022-04-10 23:19:28
228,Scarborough,54.2797,-0.4044,45.66,79,100,10.0,GB,2022-04-10 23:15:19
229,Pokaran,26.9167,71.9167,81.57,30,87,8.84,IN,2022-04-10 23:20:28
230,Key West,24.5557,-81.7826,73.99,56,0,13.8,US,2022-04-10 23:20:28
231,Villaviciosa,43.4813,-5.4357,62.01,74,87,6.78,ES,2022-04-10 23:19:34
232,Saint George,37.1041,-113.5841,69.64,7,0,5.01,US,2022-04-10 23:17:32
233,Shestakovo,56.4915,103.96,25.83,96,100,2.3,RU,2022-04-10 23:20:29
234,Panguna,-6.3164,155.4848,79.84,60,87,1.36,PG,2022-04-10 23:20:29
235,Jos,9.9167,8.9,76.14,36,85,1.3,NG,2022-04-10 23:20:30
236,Hollola,61.05,25.4333,34.54,97,100,12.62,FI,2022-04-10 23:20:30
237,Richards Bay,-28.783,32.0377,65.03,96,100,7.56,ZA,2022-04-10 23:20:31
238,Bambous Virieux,-20.3428,57.7575,75.45,83,20,14.97,MU,2022-04-10 23:20:31
239,Porto Novo,6.4965,2.6036,84.02,84,67,4.07,BJ,2022-04-10 23:19:05
240,Chokurdakh,70.6333,147.9167,-9.71,100,100,2.35,RU,2022-04-10 23:20:31
241,Upata,8.0086,-62.3989,77.81,70,83,9.71,VE,2022-04-10 23:20:32
242,Jiwani,25.05,61.7417,81.79,70,81,16.26,PK,2022-04-10 23:20:32
243,Zelenoborsk,61.4669,64.0333,34.03,97,100,8.7,RU,2022-04-10 23:20:32
244,Mahibadhoo,3.7833,72.9667,84.85,71,49,13.96,MV,2022-04-10 23:20:33
245,Faanui,-16.4833,-151.75,81.64,75,7,16.89,PF,2022-04-10 23:20:33
246,Labuhan,-6.8844,112.2051,77.07,87,37,5.5,ID,2022-04-10 23:20:33
247,Fenyi,27.8112,114.6681,69.17,69,0,1.79,CN,2022-04-10 23:20:34
248,Zhezkazgan,47.8043,67.7144,52.92,28,98,21.16,KZ,2022-04-10 23:20:34
249,Cabo San Lucas,22.8909,-109.9124,82.62,59,0,18.41,MX,2022-04-10 23:20:34
250,San Ramon,37.7799,-121.978,74.59,36,0,19.57,US,2022-04-10 23:20:35
251,Halifax,44.6453,-63.5724,44.69,93,100,4.0,CA,2022-04-10 23:16:55
252,Norman Wells,65.282,-126.8329,19.44,45,40,12.66,CA,2022-04-10 23:20:35
253,Nedjo,9.5046,35.5019,64.38,57,29,3.0,ET,2022-04-10 23:20:36
254,Sola,-13.8833,167.55,82.09,75,33,10.36,VU,2022-04-10 23:20:36
255,Ban Nahin,18.2418,104.2122,72.81,69,3,2.93,LA,2022-04-10 23:20:36
256,Malakal,9.5334,31.6605,88.61,38,72,3.06,SS,2022-04-10 23:20:37
257,Kaitangata,-46.2817,169.8464,56.1,57,10,6.22,NZ,2022-04-10 23:20:37
258,Tuatapere,-46.1333,167.6833,59.88,61,20,9.48,NZ,2022-04-10 23:20:37
259,Palafrugell,41.9174,3.1631,57.42,51,50,1.01,ES,2022-04-10 23:20:37
260,Marawi,7.9986,124.2928,70.5,93,100,6.4,PH,2022-04-10 23:20:38
261,Antalaha,-14.9003,50.2788,73.83,91,86,7.16,MG,2022-04-10 23:20:38
262,Caravelas,-17.7125,-39.2481,78.17,84,46,6.53,BR,2022-04-10 23:20:39
263,Yaan,7.3833,8.5667,81.63,53,65,5.82,NG,2022-04-10 23:20:39
264,Yerbogachen,61.2767,108.0108,12.88,96,76,3.8,RU,2022-04-10 23:20:39
265,Tungor,53.3808,142.9564,26.65,86,100,12.95,RU,2022-04-10 23:20:40
266,Khvorostyanka,52.6096,48.9597,48.16,86,9,3.51,RU,2022-04-10 23:20:40
267,Touros,-5.1989,-35.4608,80.46,82,100,11.03,BR,2022-04-10 23:20:40
268,Weyburn,49.6668,-103.8511,46.62,25,95,17.27,CA,2022-04-10 23:20:40
269,Krasnoarmeysk,51.0239,45.6969,49.21,88,78,6.08,RU,2022-04-10 23:20:41
270,Hami,42.8,93.45,52.43,22,96,1.61,CN,2022-04-10 23:18:16
271,Rabat,33.9911,-6.8401,61.16,92,75,3.44,MA,2022-04-10 23:18:13
272,Hovd,48.0056,91.6419,25.32,39,4,2.82,MN,2022-04-10 23:20:41
273,Merauke,-8.4667,140.3333,81.1,81,98,5.57,ID,2022-04-10 23:20:42
274,Havelock,34.8791,-76.9013,60.94,39,0,11.5,US,2022-04-10 23:20:42
275,Usak,38.5,29.4167,50.31,49,24,4.54,TR,2022-04-10 23:20:43
276,Zhigansk,66.7697,123.3711,1.33,96,53,8.37,RU,2022-04-10 23:21:43
277,Pangnirtung,66.1451,-65.7125,24.49,91,100,2.95,CA,2022-04-10 23:21:43
278,Baykit,61.67,96.37,13.46,98,83,3.83,RU,2022-04-10 23:21:44
279,Campbell River,50.0163,-125.2446,41.45,81,75,6.91,CA,2022-04-10 23:21:44
280,Floro,61.5996,5.0328,37.96,75,100,23.02,NO,2022-04-10 23:21:44
281,Chumikan,54.7183,135.315,23.09,81,100,18.39,RU,2022-04-10 23:21:44
282,Abrau-Dyurso,44.69,37.59,45.86,67,55,6.85,RU,2022-04-10 23:21:45
283,Geraldton,-28.7667,114.6,61.21,100,75,8.05,AU,2022-04-10 23:19:10
284,Northam,51.0333,-4.2167,47.61,62,100,18.57,GB,2022-04-10 23:21:45
285,Coromandel,-18.4733,-47.2003,73.13,72,97,3.51,BR,2022-04-10 23:21:45
286,Ormara,25.2088,64.6357,80.2,75,100,10.07,PK,2022-04-10 23:21:46
287,Pisco,-13.7,-76.2167,69.85,68,0,14.97,PE,2022-04-10 23:21:46
288,Darhan,49.4867,105.9228,28.92,59,43,1.14,MN,2022-04-10 23:21:47
289,Yar-Sale,66.8333,70.8333,33.89,99,100,12.28,RU,2022-04-10 23:21:47
290,Bull Savanna,17.8868,-77.5902,76.51,77,63,3.44,JM,2022-04-10 23:21:47
291,Kangaatsiaq,68.3065,-53.4641,20.52,83,100,6.17,GL,2022-04-10 23:21:48
292,Belle Fourche,44.6714,-103.8522,39.51,66,100,18.57,US,2022-04-10 23:21:48
293,Marovoay,-16.1,46.6333,73.47,68,70,6.31,MG,2022-04-10 23:21:48
294,East London,-33.0153,27.9116,65.32,88,100,13.65,ZA,2022-04-10 23:21:49
295,Rocha,-34.4833,-54.3333,66.2,91,2,13.06,UY,2022-04-10 23:20:30
296,Atasu,48.6814,71.6433,42.1,53,100,15.82,KZ,2022-04-10 23:21:49
297,Thunder Bay,48.4001,-89.3168,39.18,60,75,14.97,CA,2022-04-10 23:20:34
298,Laguna De Perlas,12.3429,-83.6712,82.49,70,51,13.24,NI,2022-04-10 23:21:50
299,Salalah,17.0151,54.0924,78.89,83,0,0.0,OM,2022-04-10 23:21:50
300,San Marcos,33.1434,-117.1661,71.87,68,100,13.8,US,2022-04-10 23:20:33
301,Cidreira,-30.1811,-50.2056,71.83,88,100,19.17,BR,2022-04-10 23:21:51
302,Piacabucu,-10.4056,-36.4344,79.52,73,19,9.95,BR,2022-04-10 23:21:51
303,San-Pedro,4.7485,-6.6363,80.15,88,59,4.79,CI,2022-04-10 23:19:36
304,College,64.8569,-147.8028,25.09,65,100,3.44,US,2022-04-10 23:21:52
305,Kushiro,42.975,144.3747,40.15,100,75,8.05,JP,2022-04-10 23:21:52
306,Senanga,-16.1167,23.2667,63.97,96,100,4.5,ZM,2022-04-10 23:21:52
307,Lajeado,-29.4669,-51.9614,74.98,93,100,2.55,BR,2022-04-10 23:21:53
308,Whitehorse,60.7161,-135.0538,28.09,39,20,8.05,CA,2022-04-10 23:20:21
309,Sinegorye,62.0788,150.477,-2.96,92,68,2.51,RU,2022-04-10 23:21:53
310,Willowmore,-33.2926,23.4895,56.46,90,48,7.58,ZA,2022-04-10 23:21:54
311,Esperance,-33.8667,121.9,61.54,89,63,12.12,AU,2022-04-10 23:21:54
312,Tigzirt,36.8886,4.1198,60.33,66,64,11.39,DZ,2022-04-10 23:21:54
313,Khadyzhensk,44.4256,39.5319,54.88,56,73,5.03,RU,2022-04-10 23:21:55
314,Xiamen,24.4798,118.0819,71.65,83,0,2.24,CN,2022-04-10 23:21:55
315,Rawson,-43.3002,-65.1023,55.71,63,42,14.45,AR,2022-04-10 23:21:55
316,Vao,-22.6667,167.4833,77.54,83,59,19.13,NC,2022-04-10 23:21:56
317,Honolulu,21.3069,-157.8583,84.02,62,20,18.41,US,2022-04-10 23:19:26
318,Muisne,0.6,-80.0333,78.12,85,100,6.4,EC,2022-04-10 23:21:56
319,Benghazi,32.1167,20.0667,60.96,73,0,14.9,LY,2022-04-10 23:19:18
320,Eyl,7.9803,49.8164,79.61,84,26,7.16,SO,2022-04-10 23:22:57
321,Severo-Kurilsk,50.6789,156.125,31.37,77,90,17.02,RU,2022-04-10 23:21:49
322,Uriangato,20.15,-101.1833,70.11,35,69,10.04,MX,2022-04-10 23:22:58
323,Glendive,47.1053,-104.7125,47.82,40,75,23.0,US,2022-04-10 23:22:58
324,Pacific Grove,36.6177,-121.9166,71.55,64,0,17.0,US,2022-04-10 23:22:57
325,Akyab,20.15,92.9,78.75,85,40,3.0,MM,2022-04-10 23:22:59
326,Tres Arroyos,-38.3739,-60.2798,60.84,93,100,9.1,AR,2022-04-10 23:22:59
327,Ust-Ilimsk,58.0006,102.6619,24.57,94,98,4.09,RU,2022-04-10 23:22:59
328,Panzhihua,26.5851,101.7128,61.88,77,5,1.36,CN,2022-04-10 23:23:00
329,Haizhou,34.5817,119.1289,64.08,72,0,5.48,CN,2022-04-10 23:23:00
330,Marfino,55.7028,37.3822,41.16,75,0,4.47,RU,2022-04-10 23:23:00
331,Assiniboia,49.6334,-105.9845,42.62,21,52,21.85,CA,2022-04-10 23:23:01
332,Tela,15.7833,-87.45,78.75,89,75,3.44,HN,2022-04-10 23:23:01
333,Baruun-Urt,46.6806,113.2792,30.76,72,99,17.74,MN,2022-04-10 23:23:01
334,Palmer,42.1584,-72.3287,46.49,52,75,16.11,US,2022-04-10 23:23:02
335,Susaki,33.3667,133.2833,62.67,72,99,1.81,JP,2022-04-10 23:23:02
336,Lavrentiya,65.5833,-171.0,28.62,89,73,11.07,RU,2022-04-10 23:23:02
337,Bunia,1.5667,30.25,62.96,91,100,4.29,CD,2022-04-10 23:23:03
338,Kamiiso,41.8167,140.65,57.58,72,75,10.36,JP,2022-04-10 23:23:03
339,Shache,38.4167,77.2406,66.04,18,43,6.02,CN,2022-04-10 23:23:04
340,Poum,-20.2333,164.0167,80.13,76,83,11.21,NC,2022-04-10 23:23:04
341,Fare,-16.7,-151.0167,81.37,76,22,17.98,PF,2022-04-10 23:23:04
342,Naze,28.3667,129.4833,68.92,88,82,10.27,JP,2022-04-10 23:20:51
343,Lotofaga,-13.9764,-171.8578,89.38,74,23,9.93,WS,2022-04-10 23:23:05
344,Waingapu,-9.6567,120.2641,76.96,79,2,5.53,ID,2022-04-10 23:23:05
345,Cayenne,4.9333,-52.3333,79.09,1,75,3.0,GF,2022-04-10 23:19:31
346,Leh,34.1667,77.5833,27.88,53,0,5.03,IN,2022-04-10 23:23:06
347,Washougal,45.5826,-122.3534,46.08,88,100,7.0,US,2022-04-10 23:23:06
348,Straumen,63.8709,11.2999,35.6,83,100,24.56,NO,2022-04-10 23:22:13
349,Chicama,-7.8447,-79.1469,66.74,75,62,9.01,PE,2022-04-10 23:23:06
350,Springdale,36.1867,-94.1288,74.05,58,40,25.32,US,2022-04-10 23:23:07
351,Port Arthur,38.8,121.2667,48.42,92,4,12.17,CN,2022-04-10 23:20:54
352,Troy,42.6056,-83.1499,54.72,52,0,8.05,US,2022-04-10 23:18:49
353,Neuquen,-38.9516,-68.0591,49.89,81,0,4.61,AR,2022-04-10 23:20:08
354,Mackay,-21.15,149.2,80.69,83,86,17.6,AU,2022-04-10 23:19:37
355,Tomatlan,19.9333,-105.25,87.98,40,0,11.23,MX,2022-04-10 23:23:07
356,Mozarlandia,-14.7447,-50.5706,79.97,69,41,4.0,BR,2022-04-10 23:23:08
357,Ahipara,-35.1667,173.1667,68.95,58,93,10.33,NZ,2022-04-10 23:23:08
358,Haverfordwest,51.8017,-4.9691,47.79,69,100,4.0,GB,2022-04-10 23:23:09
359,Brae,60.3964,-1.353,36.41,63,100,3.29,GB,2022-04-10 23:23:09
360,Egvekinot,66.3167,-179.1667,24.94,97,100,12.97,RU,2022-04-10 23:23:10
361,Yulara,-25.2406,130.9889,69.64,24,0,5.75,AU,2022-04-10 23:23:10
362,Chongwe,-15.3292,28.682,60.96,94,91,4.38,ZM,2022-04-10 23:23:10
363,Burgersdorp,-30.9977,26.3286,51.71,80,100,3.94,ZA,2022-04-10 23:23:11
364,Abengourou,6.7297,-3.4964,76.51,92,88,5.06,CI,2022-04-10 23:23:11
365,Narrabri,-30.3167,149.7833,73.53,71,0,1.99,AU,2022-04-10 23:23:11
366,Vysokogornyy,50.1167,139.15,27.57,94,100,3.6,RU,2022-04-10 23:24:12
367,Jinchang,38.4953,102.1739,44.08,25,100,10.94,CN,2022-04-10 23:24:12
368,Roma,43.2128,-75.4557,39.96,70,100,17.27,US,2022-04-10 23:21:20
369,Tigil,57.8,158.6667,22.95,88,100,12.17,RU,2022-04-10 23:24:13
370,Bonthe,7.5264,-12.505,79.5,88,100,6.89,SL,2022-04-10 23:24:14
371,Riyadh,24.6877,46.7219,73.54,21,6,5.28,SA,2022-04-10 23:20:02
372,Oranjemund,-28.55,16.4333,72.66,48,3,11.25,NA,2022-04-10 23:24:14
373,Aklavik,68.2191,-135.0107,11.68,72,72,4.03,CA,2022-04-10 23:24:15
374,Taksimo,56.3444,114.8794,18.79,81,89,1.81,RU,2022-04-10 23:24:15
375,Davila,18.4726,120.5763,78.78,75,88,4.92,PH,2022-04-10 23:24:16
376,Daru,-9.0763,143.2092,84.02,75,97,5.41,PG,2022-04-10 23:24:16
377,Ahuimanu,21.4447,-157.8378,83.91,64,20,18.41,US,2022-04-10 23:24:16
378,Sapucaia,-29.8333,-51.15,75.33,85,100,12.66,BR,2022-04-10 23:24:17
379,Kalmunai,7.4167,81.8167,77.23,85,58,4.92,LK,2022-04-10 23:24:17
380,Jimeta,9.2833,12.4667,90.9,36,100,4.52,NG,2022-04-10 23:24:17
381,Platteville,42.7342,-90.4785,62.83,44,0,19.57,US,2022-04-10 23:21:07
382,Tonaya,19.7833,-103.9667,90.41,24,9,15.5,MX,2022-04-10 23:24:18
383,Turayf,31.6725,38.6637,64.65,27,0,0.0,SA,2022-04-10 23:24:18
384,Tazovskiy,67.4667,78.7,16.57,95,100,10.89,RU,2022-04-10 23:24:19
385,Belaya Gora,68.5333,146.4167,-4.27,95,98,4.56,RU,2022-04-10 23:23:01
386,Flin Flon,54.7682,-101.865,31.84,47,75,13.8,CA,2022-04-10 23:22:14
387,Nyurba,63.2842,118.3319,10.31,99,97,3.0,RU,2022-04-10 23:24:19
388,Talara,-4.5772,-81.2719,75.96,69,0,17.27,PE,2022-04-10 23:24:20
389,Romny,50.751,33.4747,42.24,96,100,9.53,UA,2022-04-10 23:24:20
390,Turriff,57.5384,-2.4593,41.76,56,99,7.56,GB,2022-04-10 23:24:21
391,Port Moresby,-9.4431,147.1797,82.09,72,98,2.24,PG,2022-04-10 23:23:00
392,Haapiti,-17.5667,-149.8667,83.93,74,30,18.14,PF,2022-04-10 23:24:21
393,Sovetskiy,61.3614,63.5842,33.87,98,99,8.25,RU,2022-04-10 23:24:21
394,Shahrud,36.4182,54.9763,50.07,59,0,4.07,IR,2022-04-10 23:24:22
395,Sao Filipe,14.8961,-24.4956,72.14,77,3,11.07,CV,2022-04-10 23:24:22
396,Kamenskiy,50.8855,45.488,50.14,88,65,6.62,RU,2022-04-10 23:24:22
397,Praia Da Vitoria,38.7333,-27.0667,57.45,72,75,29.04,PT,2022-04-10 23:24:23
398,Quatre Cocos,-20.2078,57.7625,75.31,81,54,17.13,MU,2022-04-10 23:24:23
399,Emba,48.8264,58.1442,50.88,80,96,4.41,KZ,2022-04-10 23:24:23
400,Sao Jose Da Coroa Grande,-8.8978,-35.1478,78.76,76,20,8.1,BR,2022-04-10 23:24:24
401,Kovdor,67.5662,30.4758,19.38,96,69,5.12,RU,2022-04-10 23:24:24
402,Saharsa,25.8833,86.6,75.74,72,1,10.47,IN,2022-04-10 23:24:24
403,Ryotsu,38.0833,138.4333,62.2,57,85,3.87,JP,2022-04-10 23:24:25
404,Kibala,9.1104,18.3463,81.93,49,99,2.64,TD,2022-04-10 23:24:25
405,Katsuura,35.1333,140.3,64.11,83,100,13.89,JP,2022-04-10 23:24:26
406,Trairi,-3.2778,-39.2689,75.83,90,74,4.16,BR,2022-04-10 23:24:26
407,Ribeira Brava,32.65,-17.0667,63.23,77,18,15.88,PT,2022-04-10 23:24:26
408,Middelburg,-25.7751,29.4648,54.63,94,100,9.73,ZA,2022-04-10 23:24:27
409,Fort Frances,48.5999,-93.4003,36.16,73,100,5.75,CA,2022-04-10 23:24:27
410,Ozernovskiy,51.5,156.5167,31.44,77,93,16.02,RU,2022-04-10 23:24:27
411,Hofn,64.2539,-15.2082,36.01,67,100,2.66,IS,2022-04-10 23:24:28
412,Ayan,56.45,138.1667,24.35,84,98,8.12,RU,2022-04-10 23:24:28
413,Sorland,67.667,12.6934,39.29,64,75,17.54,NO,2022-04-10 23:25:28
414,Chiang Klang,19.2938,100.8617,74.16,60,8,1.39,TH,2022-04-10 23:25:29
415,Nagua,19.3832,-69.8474,80.65,74,40,9.22,DO,2022-04-10 23:25:29
416,Kavaratti,10.5669,72.642,83.44,76,92,8.25,IN,2022-04-10 23:25:29
417,Matongo,-2.3833,34.0833,65.17,68,88,5.44,TZ,2022-04-10 23:25:30
418,Tura,25.5198,90.2201,68.49,96,5,5.66,IN,2022-04-10 23:25:30
419,Santo Augusto,-27.8508,-53.7772,65.12,88,100,5.26,BR,2022-04-10 23:22:52
420,Nemuro,43.3236,145.575,38.55,95,98,6.55,JP,2022-04-10 23:25:30
421,Souillac,-20.5167,57.5167,75.58,83,20,14.97,MU,2022-04-10 23:21:37
422,San Antero,9.3741,-75.7589,81.07,80,100,11.81,CO,2022-04-10 23:25:31
423,Qaqortoq,60.7167,-46.0333,29.03,68,100,3.31,GL,2022-04-10 23:25:31
424,Margate,51.3813,1.3862,47.3,79,100,3.0,GB,2022-04-10 23:25:31
425,Mineros,-17.1167,-63.2333,79.38,77,88,7.72,BO,2022-04-10 23:25:32
426,Dudinka,69.4058,86.1778,-20.2,100,98,4.94,RU,2022-04-10 23:25:32
427,Tiksi,71.6872,128.8694,-8.81,96,98,2.57,RU,2022-04-10 23:25:32
428,Adrar,20.5022,-10.0711,80.6,6,2,9.86,MR,2022-04-10 23:25:33
429,Biloela,-24.4167,150.5,78.3,53,0,10.69,AU,2022-04-10 23:25:33
430,Tinskoy,56.1525,96.9161,23.27,91,98,9.75,RU,2022-04-10 23:25:33
431,Necochea,-38.5473,-58.7368,64.04,94,100,7.18,AR,2022-04-10 23:25:34
432,Caraquet,47.7941,-64.9386,34.34,93,100,8.32,CA,2022-04-10 23:22:34
433,Lenger,42.183,69.8839,60.24,37,94,7.56,KZ,2022-04-10 23:25:34
434,Saint-Joseph,-21.3667,55.6167,77.38,80,29,12.95,RE,2022-04-10 23:25:34
435,Nakatunguru,-2.1167,33.0667,74.32,65,100,14.81,TZ,2022-04-10 23:25:35
436,Sombreffe,50.5286,4.5984,44.85,67,0,4.61,BE,2022-04-10 23:25:35
437,Zhelyabovka,45.3988,34.7578,55.15,61,63,2.01,UA,2022-04-10 23:25:35
438,Pitimbu,-7.4706,-34.8086,79.39,74,40,10.67,BR,2022-04-10 23:25:36
439,Kashan,33.9831,51.4364,60.39,38,0,2.3,IR,2022-04-10 23:25:36
440,Tarko-Sale,64.9225,77.785,30.51,98,100,12.62,RU,2022-04-10 23:25:36
441,Astoria,46.1879,-123.8313,42.94,73,100,3.0,US,2022-04-10 23:22:34
442,Carnarvon,-24.8667,113.6333,59.07,88,0,6.91,AU,2022-04-10 23:24:31
443,Fortuna,40.5982,-124.1573,55.92,67,75,16.11,US,2022-04-10 23:23:12
444,Lorengau,-2.0226,147.2712,83.59,77,57,9.73,PG,2022-04-10 23:25:37
445,Meulaboh,4.1363,96.1285,76.77,88,99,3.2,ID,2022-04-10 23:25:37
446,Idenao,4.2475,9.0047,78.55,92,48,2.86,CM,2022-04-10 23:25:38
447,Tocopilla,-22.092,-70.1979,66.16,72,17,9.51,CL,2022-04-10 23:21:53
448,Coahuayana,18.7333,-103.6833,86.4,51,88,7.38,MX,2022-04-10 23:25:38
449,Bingol,38.8847,40.4939,45.45,80,15,3.69,TR,2022-04-10 23:25:38
450,Maraa,-1.8333,-65.3667,75.92,96,77,1.92,BR,2022-04-10 23:25:39
451,Mokhsogollokh,61.4681,128.9203,15.26,76,78,2.89,RU,2022-04-10 23:25:39
452,Miguel Auza,24.2933,-103.4503,77.85,13,34,25.34,MX,2022-04-10 23:25:39
453,Riacho De Santana,-13.6092,-42.9389,79.18,37,18,6.17,BR,2022-04-10 23:25:40
454,Belyy Yar,53.6039,91.3903,25.86,73,0,2.24,RU,2022-04-10 23:25:40
455,Cockburn Town,21.4612,-71.1419,78.76,73,40,3.44,TC,2022-04-10 23:24:43
456,Abu Dhabi,24.4667,54.3667,78.96,67,0,2.3,AE,2022-04-10 23:24:11
457,Isangel,-19.55,169.2667,83.66,66,20,9.48,VU,2022-04-10 23:25:41
458,Bor,56.3567,44.0669,48.13,93,100,7.36,RU,2022-04-10 23:25:41
459,Rodino,52.5,80.25,31.05,82,5,8.68,RU,2022-04-10 23:25:41
460,Puerto Quijarro,-17.7833,-57.7667,85.55,53,44,4.94,BO,2022-04-10 23:26:42
461,Along,28.1667,94.7667,65.12,95,100,2.37,IN,2022-04-10 23:26:42
462,Kloulklubed,7.0419,134.2556,81.1,84,100,24.05,PW,2022-04-10 23:26:42
463,Shimoda,34.6667,138.95,68.36,76,100,7.72,JP,2022-04-10 23:26:43
464,Tual,-5.6667,132.75,80.01,81,100,8.19,ID,2022-04-10 23:26:43
465,Korla,41.7597,86.1469,54.66,45,34,7.87,CN,2022-04-10 23:26:43
466,Matara,5.9485,80.5353,77.5,87,85,6.98,LK,2022-04-10 23:26:44
467,Hay River,60.8156,-115.7999,17.58,67,100,14.97,CA,2022-04-10 23:26:44
468,Torremolinos,36.6204,-4.4998,61.9,79,0,2.3,ES,2022-04-10 23:26:44
469,Ezequiel Montes,20.6667,-99.8833,81.91,17,26,7.85,MX,2022-04-10 23:26:45
470,Turukhansk,65.8167,87.9833,-7.53,100,98,5.59,RU,2022-04-10 23:26:45
471,Buala,-8.145,159.5921,81.19,79,94,4.79,SB,2022-04-10 23:25:11
472,Kailua,21.4022,-157.7394,84.18,71,36,8.99,US,2022-04-10 23:26:45
473,Bontang,0.1333,117.5,76.66,90,100,7.65,ID,2022-04-10 23:26:46
474,Lakes Entrance,-37.8811,147.981,61.07,88,81,14.58,AU,2022-04-10 23:26:46
475,Guerrero Negro,27.9769,-114.0611,69.1,60,0,15.57,MX,2022-04-10 23:26:46
476,Grindavik,63.8424,-22.4338,37.35,75,100,14.97,IS,2022-04-10 23:26:47
477,Murupara,-38.4667,176.7,68.41,40,0,3.47,NZ,2022-04-10 23:26:47
478,Nchelenge,-9.3451,28.734,67.3,92,34,7.02,ZM,2022-04-10 23:26:47
479,Dingle,10.9995,122.6711,72.88,96,100,12.44,PH,2022-04-10 23:26:48
480,Edd,13.9297,41.6925,88.02,38,0,18.92,ER,2022-04-10 23:26:48
481,Kang,-23.6752,22.7876,59.99,93,18,10.04,BW,2022-04-10 23:26:49
482,Broken Hill,-31.95,141.4333,67.71,49,0,8.05,AU,2022-04-10 23:26:49
483,Sibolga,1.7427,98.7792,75.97,89,100,3.38,ID,2022-04-10 23:22:53
484,Maniitsoq,65.4167,-52.9,27.46,79,100,8.77,GL,2022-04-10 23:26:49
485,Soignies,50.579,4.0713,45.55,82,75,5.75,BE,2022-04-10 23:26:50
486,Todos Santos,23.45,-110.2167,70.45,68,1,6.91,MX,2022-04-10 23:26:50
487,Dubbo,-32.25,148.6167,66.33,88,0,6.91,AU,2022-04-10 23:25:20
488,Bathsheba,13.2167,-59.5167,81.21,74,75,20.71,BB,2022-04-10 23:26:50
489,Boende,-0.2167,20.8667,71.17,98,100,2.37,CD,2022-04-10 23:26:42
490,Saint Anthony,45.0205,-93.218,58.93,38,100,13.8,US,2022-04-10 23:26:51
491,Santo Antonio Do Ica,-3.1022,-67.9397,75.2,96,59,1.5,BR,2022-04-10 23:26:51
492,Fredericksburg,38.3032,-77.4605,57.42,39,0,8.05,US,2022-04-10 23:25:44
493,Esso,55.9333,158.7,21.88,79,100,2.35,RU,2022-04-10 23:26:51
494,Conde,-7.2597,-34.9075,78.26,89,20,5.75,BR,2022-04-10 23:26:52
495,Timizart,36.8,4.2667,58.41,61,72,9.17,DZ,2022-04-10 23:26:52
496,Luanda,-8.8368,13.2343,76.96,85,78,7.65,AO,2022-04-10 23:23:21
497,Gayeri,12.6497,0.4931,95.14,19,91,2.8,BF,2022-04-10 23:26:53
498,Port Lincoln,-34.7333,135.8667,64.09,77,94,15.5,AU,2022-04-10 23:22:37
499,Kasaragod,12.5,75.0,78.48,91,98,4.03,IN,2022-04-10 23:26:53
500,Angoche,-16.2325,39.9086,75.83,91,3,5.77,MZ,2022-04-10 23:26:53
501,Kampot,10.6167,104.1833,77.05,84,55,2.95,KH,2022-04-10 23:26:54
502,Ust-Kut,56.7938,105.7672,27.32,96,100,2.73,RU,2022-04-10 23:26:54
503,The Valley,18.217,-63.0578,78.94,78,20,9.22,AI,2022-04-10 23:26:54
504,Novoagansk,61.9449,76.6625,24.76,93,100,9.26,RU,2022-04-10 23:26:55
505,Iseyin,7.9667,3.6,75.51,85,100,9.51,NG,2022-04-10 23:26:55
506,Yanam,16.7333,82.2167,75.38,96,98,1.9,IN,2022-04-10 23:26:55
507,Xiaoweizhai,26.1903,107.5125,58.48,86,52,3.38,CN,2022-04-10 23:27:56
508,Melo,-32.3667,-54.1833,70.65,80,92,11.61,UY,2022-04-10 23:27:56
509,Kuching,1.55,110.3333,75.42,100,20,1.14,MY,2022-04-10 23:27:56
510,Mende,44.6667,3.5,31.33,68,95,5.41,FR,2022-04-10 23:27:57
511,Cervo,43.6702,-7.4101,58.96,91,50,5.64,ES,2022-04-10 23:27:57
512,Baisha,26.5222,110.9311,66.83,68,2,4.07,CN,2022-04-10 23:27:57
513,Ovsyanka,55.9575,92.5519,24.22,91,98,5.26,RU,2022-04-10 23:27:58
514,Belinskiy,52.9647,43.4165,50.61,82,100,9.44,RU,2022-04-10 23:27:58
515,Flores,16.9226,-89.8994,86.59,44,46,4.63,GT,2022-04-10 23:27:58
516,Manono,-7.3,27.4167,72.46,78,85,3.87,CD,2022-04-10 23:27:59
517,Irbil,36.1926,44.0106,64.22,39,24,2.3,IQ,2022-04-10 23:27:59
518,Ostrovnoy,68.0531,39.5131,33.69,78,94,23.64,RU,2022-04-10 23:27:59
519,Groton,41.3501,-72.0784,47.19,53,79,11.99,US,2022-04-10 23:28:00
520,Morro Bay,35.3658,-120.8499,77.88,57,25,10.0,US,2022-04-10 23:28:00
521,Grenaa,56.4158,10.8783,35.82,84,5,20.92,DK,2022-04-10 23:28:00
522,Requena,39.4883,-1.1004,46.53,94,94,6.93,ES,2022-04-10 23:28:01
523,Manali,13.1667,80.2667,85.06,84,88,2.01,IN,2022-04-10 23:28:01
524,Sitka,57.0531,-135.33,51.69,35,20,8.05,US,2022-04-10 23:28:01
525,Ulladulla,-35.35,150.4667,74.3,63,9,4.45,AU,2022-04-10 23:28:01
526,Anyang,36.0994,114.3289,68.02,60,1,5.08,CN,2022-04-10 23:26:26
527,Keffi,8.8486,7.8736,84.81,44,97,5.14,NG,2022-04-10 23:28:02
528,Gigmoto,13.7796,124.39,79.65,89,100,17.85,PH,2022-04-10 23:28:02
529,Goderich,43.7501,-81.7165,41.32,52,40,1.14,CA,2022-04-10 23:28:03
530,Kaupanger,61.1845,7.2404,22.96,97,54,3.11,NO,2022-04-10 23:28:03
531,Juneau,58.3019,-134.4197,45.84,33,20,17.27,US,2022-04-10 23:23:11
532,Kristinehamn,59.3098,14.1081,36.16,93,73,2.33,SE,2022-04-10 23:28:03
533,Nioro,13.35,-15.75,84.09,21,34,11.9,GM,2022-04-10 23:28:04
534,Boundiali,9.5217,-6.4869,82.49,54,84,4.59,CI,2022-04-10 23:28:04
535,Dalbandin,28.8947,64.4101,77.49,11,93,5.39,PK,2022-04-10 23:28:04
536,Bilibino,68.0546,166.4372,-4.72,86,100,11.12,RU,2022-04-10 23:24:11
537,Fort Saint James,54.4333,-124.25,39.58,30,56,10.0,CA,2022-04-10 23:28:05
538,Faya,18.3851,42.4509,60.91,43,0,3.15,SA,2022-04-10 23:28:06
539,Bijar,35.8668,47.6051,46.13,44,72,7.09,IR,2022-04-10 23:28:06
540,Korce,40.6186,20.7808,34.41,91,92,4.79,AL,2022-04-10 23:28:06
541,Ocos,14.5094,-92.1933,86.18,62,34,9.62,GT,2022-04-10 23:28:07
542,Campos Belos,-13.0367,-46.7717,82.18,34,32,1.81,BR,2022-04-10 23:24:42
543,Tsumeb,-19.2333,17.7167,68.54,64,52,4.76,NA,2022-04-10 23:28:07
544,Farmington,36.7281,-108.2187,59.68,9,0,17.27,US,2022-04-10 23:28:07
545,Gwadar,25.1216,62.3254,80.69,73,100,10.11,PK,2022-04-10 23:28:08
546,Axim,4.8699,-2.2405,80.71,85,57,6.6,GH,2022-04-10 23:28:08
547,Aswan,24.0934,32.907,83.5,12,0,5.75,EG,2022-04-10 23:28:09
548,Moree,-29.4667,149.85,73.42,68,0,10.36,AU,2022-04-10 23:28:09
549,Darlington,54.5243,-1.5504,44.92,67,100,4.36,GB,2022-04-10 23:28:09
550,Smithers,54.7804,-127.1743,43.12,39,75,6.91,CA,2022-04-10 23:28:10
551,Hambantota,6.1241,81.1185,78.91,81,97,8.75,LK,2022-04-10 23:28:10
552,Weligama,5.9667,80.4167,78.26,85,84,7.29,LK,2022-04-10 23:28:11
553,Mao,39.8885,4.2658,54.16,76,0,8.05,ES,2022-04-10 23:28:11
554,Candolim,15.5181,73.7626,80.08,78,96,10.0,IN,2022-04-10 23:29:11
555,Beira,-19.8436,34.8389,72.28,95,88,6.08,MZ,2022-04-10 23:29:12
556,Evensk,61.95,159.2333,11.28,67,82,10.47,RU,2022-04-10 23:29:12
557,Comodoro Rivadavia,-45.8667,-67.5,51.66,76,0,5.75,AR,2022-04-10 23:28:17
558,Smidovich,48.6,133.8167,34.11,99,100,0.31,RU,2022-04-10 23:29:13
559,Kholmogory,64.2229,41.656,31.32,93,56,8.01,RU,2022-04-10 23:29:13
560,Ginda,30.6945,78.4932,59.0,22,0,8.84,IN,2022-04-10 23:29:14
561,Gornopravdinsk,60.05,69.9,28.02,95,100,5.68,RU,2022-04-10 23:29:14
562,Ranong,9.9658,98.6348,76.93,90,97,1.5,TH,2022-04-10 23:24:20
563,Catamarca,-28.4696,-65.7852,73.58,76,12,1.39,AR,2022-04-10 23:29:14
564,Karacakoy,41.4029,28.3834,49.84,93,100,17.85,TR,2022-04-10 23:29:15
565,Mayo,38.8876,-76.5119,53.19,46,0,13.8,US,2022-04-10 23:29:15
566,Kizukuri,40.8061,140.3861,66.94,53,11,8.12,JP,2022-04-10 23:29:16
567,Sibu,2.3,111.8167,75.51,100,40,3.44,MY,2022-04-10 23:29:16
568,Paita,-5.0892,-81.1144,72.12,78,36,18.68,PE,2022-04-10 23:29:16
569,Bubaque,11.2833,-15.8333,76.28,69,6,15.03,GW,2022-04-10 23:29:17
570,Lazaro Cardenas,17.9583,-102.2,82.26,64,100,9.86,MX,2022-04-10 23:27:03
571,Sinnamary,5.3833,-52.95,78.17,86,75,12.68,GF,2022-04-10 23:27:01
572,Leninsk-Kuznetskiy,54.6567,86.1737,21.34,89,9,5.7,RU,2022-04-10 23:29:17
573,Arman,59.7,150.1667,16.02,66,22,8.63,RU,2022-04-10 23:29:17
574,Banda Aceh,5.5577,95.3222,79.07,81,91,2.08,ID,2022-04-10 23:29:18
575,Flinders,-34.5833,150.8552,76.37,75,18,5.99,AU,2022-04-10 23:29:18
576,Beauchamps,50.012,1.5176,40.32,79,94,8.66,FR,2022-04-10 23:29:19
577,Bokoro,12.3807,17.0568,90.27,27,99,8.57,TD,2022-04-10 23:29:19
578,Monrovia,6.3005,-10.7969,79.84,90,54,5.61,LR,2022-04-10 23:29:20
579,Alyangula,-13.8483,136.4192,84.07,84,39,0.0,AU,2022-04-10 23:29:20
